COLNAMES,,,,,,,,,,,,,,,,,,
7/1/2022,,,,,,,,,,,,,,,,,,
Opened,Closed,Held,Symbol,Type,Entry,Exit,Qty,Gross,Comm,Ecn Fee,SEC,TAF,NSCC,FTT,CLR,ORF,PTFPF,Net
06/30/22 14:46:20,13:40:01,22:53:41,TDS-PV,Long,18.56,18.66,600,56.00,3.00,2.07,0.26,0.11,0.10,0.00,0.00,0.00,0.00,50.47
06/30/22 15:50:43,09:30:56,17:40:13,PDO,Long,13.85,13.85,"3,000",3.75,15.00,17.35,0.95,0.43,0.34,0.00,0.00,0.00,0.00,(30.32)
06/30/22 15:52:30,11:23:30,19:31:00,BKN,Long,13.66,13.75,500,44.61,2.50,1.93,0.16,0.06,0.05,0.00,0.00,0.00,0.00,39.91
Equities,,,,,,,"4,100",104.36,20.50,21.34,1.37,0.60,0.49,0.00,0.00,0.00,0.00,60.06
,,,,,,,,,,,,,,,,,,
7/5/2022,,,,,,,,,,,,,,,,,,
Opened,Closed,Held,Symbol,Type,Entry,Exit,Qty,Gross,Comm,Ecn Fee,SEC,TAF,NSCC,FTT,CLR,ORF,PTFPF,Net
06/30/22 16:00:21,09:32:01,4d 17:31:40,MFA-PC,Long,18.38,18.26,"1,100",(124.00),5.50,4.63,0.46,0.17,0.12,0.00,0.00,0.00,0.00,(134.88)
06/30/22 16:00:21,09:42:29,4d 17:42:08,CMSC,Long,23.32,23.52,"1,000",203.85,5.00,6.12,0.54,0.16,0.08,0.00,0.00,0.00,0.00,191.95
,,,,,,,,,,,,,,,,,,
07/01/22 15:05:59,10:00:16,3d 18:54:17,TDS-PV,Long,18.61,18.87,200,51.00,1.00,0.29,0.09,0.04,0.04,0.00,0.00,0.00,0.00,49.55
Equities,,,,,,,"2,300",130.85,11.50,11.04,1.09,0.37,0.24,0.00,0.00,0.00,0.00,106.62
,,,,,,,,,,,,,,,,,,
7/6/2022,,,,,,,,,,,,,,,,,,
Opened,Closed,Held,Symbol,Type,Entry,Exit,Qty,Gross,Comm,Ecn Fee,SEC,TAF,NSCC,FTT,CLR,ORF,PTFPF,Net
06/30/22 12:21:57,11:42:13,5d 23:20:16,CRF,Long,8.37,8.60,500,111.35,2.50,2.91,0.10,0.10,0.08,0.00,0.00,0.00,0.00,105.66
06/30/22 16:02:33,09:35:50,5d 17:33:17,MTB-PH,Short,25.47,26.64,"1,000","(1,172.00)",5.00,5.40,0.58,0.12,0.07,0.00,0.00,0.00,0.00,"(1,183.17)"
,,,,,,,,,,,,,,,,,,
07/06/22 08:43:14,08:43:22,00:00:08,IINN,Long,2.06,2.05,100,(1.00),0.50,0.66,0.00,0.02,0.02,0.00,0.00,0.00,0.00,(2.20)
07/06/22 08:46:23,08:47:39,00:01:16,IINN,Long,2.12,2.05,100,(6.50),0.50,0.52,0.00,0.03,0.04,0.00,0.00,0.00,0.00,(7.59)
07/06/22 09:00:12,09:03:41,00:03:29,IINN,Long,2.19,2.26,140,9.23,0.70,0.77,0.01,0.05,0.08,0.00,0.00,0.00,0.00,7.62
07/06/22 09:03:59,09:09:11,00:05:12,IINN,Long,2.37,2.37,275,0.30,1.38,1.73,0.02,0.07,0.09,0.00,0.00,0.00,0.00,(2.98)
07/06/22 09:11:36,09:11:42,00:00:06,IINN,Long,2.29,2.28,100,(1.00),0.50,0.70,0.01,0.02,0.02,0.00,0.00,0.00,0.00,(2.24)
Equities,,,,,,,"2,215","(1,059.62)",11.08,12.69,0.72,0.41,0.39,0.00,0.00,0.00,0.00,"(1,084.90)"
,,,,,,,,,,,,,,,,,,
7/8/2022,,,,,,,,,,,,,,,,,,
Opened,Closed,Held,Symbol,Type,Entry,Exit,Qty,Gross,Comm,Ecn Fee,SEC,TAF,NSCC,FTT,CLR,ORF,PTFPF,Net
07/06/22 14:18:36,14:17:01,1d 23:58:25,TDS-PV,Long,18.76,19.19,375,160.00,1.88,0.03,0.16,0.08,0.07,0.00,0.00,0.00,0.00,157.78
Equities,,,,,,,375,160.00,1.88,0.03,0.16,0.08,0.07,0.00,0.00,0.00,0.00,157.78
,,,,,,,,,,,,,,,,,,
7/11/2022,,,,,,,,,,,,,,,,,,
Opened,Closed,Held,Symbol,Type,Entry,Exit,Qty,Gross,Comm,Ecn Fee,SEC,TAF,NSCC,FTT,CLR,ORF,PTFPF,Net
07/08/22 15:00:14,15:38:34,3d 00:38:20,MS-PF,Long,25.72,25.78,"1,000",62.50,5.00,3.11,0.59,0.23,0.24,0.00,0.00,0.00,0.00,53.33
,,,,,,,,,,,,,,,,,,
07/11/22 07:42:06,07:42:23,00:00:17,PLRX,Long,12.42,12.40,50,(1.00),0.25,0.07,0.01,0.01,0.02,0.00,0.00,0.00,0.00,(1.36)
07/11/22 08:22:08,08:22:30,00:00:22,PLRX,Long,14.20,13.94,50,(13.00),0.25,0.33,0.02,0.01,0.02,0.00,0.00,0.00,0.00,(13.62)
07/11/22 08:23:50,08:23:57,00:00:07,PLRX,Long,13.82,13.80,50,(1.00),0.25,0.33,0.02,0.01,0.02,0.00,0.00,0.00,0.00,(1.62)
07/11/22 09:33:16,09:33:41,00:00:25,TWTR,Short,34.76,34.83,50,(3.50),0.25,0.07,0.04,0.01,0.02,0.00,0.00,0.00,0.00,(3.89)
07/11/22 10:33:22,10:34:24,00:01:02,PLRX,Long,19.27,18.50,10,(7.70),0.05,0.06,0.00,0.01,0.02,0.00,0.00,0.00,0.00,(7.84)
07/11/22 11:12:05,11:28:04,00:15:59,PLRX,Long,18.90,18.70,10,(2.00),0.05,0.06,0.00,0.02,0.03,0.00,0.00,0.00,0.00,(2.16)
07/11/22 13:24:57,14:49:41,01:24:44,OCCI,Long,9.07,9.00,"1,000",(65.00),5.00,2.33,0.21,0.14,0.12,0.00,0.00,0.00,0.00,(72.80)
07/11/22 13:26:56,15:46:55,02:19:59,HPI,Short,17.18,17.18,300,1.11,1.50,1.29,0.12,0.06,0.08,0.00,0.00,0.00,0.00,(1.94)
07/11/22 13:30:30,15:19:04,01:48:34,EAD,Long,6.47,6.46,"1,000",(9.75),5.00,5.33,0.15,0.13,0.12,0.00,0.00,0.00,0.00,(20.48)
07/11/22 13:57:58,15:17:07,01:19:09,KKRS,Long,19.21,19.18,304,(9.12),1.52,1.76,0.13,0.06,0.08,0.00,0.00,0.00,0.00,(12.68)
Equities,,,,,,,"3,824",(48.46),19.12,14.74,1.29,0.69,0.76,0.00,0.00,0.00,0.00,(85.06)
,,,,,,,,,,,,,,,,,,
7/12/2022,,,,,,,,,,,,,,,,,,
Opened,Closed,Held,Symbol,Type,Entry,Exit,Qty,Gross,Comm,Ecn Fee,SEC,TAF,NSCC,FTT,CLR,ORF,PTFPF,Net
07/08/22 15:25:05,13:23:25,3d 21:58:20,MFA-PC,Long,18.25,18.28,400,12.18,2.00,2.01,0.17,0.09,0.07,0.00,0.00,0.00,0.00,7.84
,,,,,,,,,,,,,,,,,,
07/11/22 09:54:25,10:24:48,1d 00:30:23,PSA-PG,Short,24.36,24.38,556,(14.45),2.78,3.02,0.31,0.11,0.12,0.00,0.00,0.00,0.00,(20.79)
07/11/22 14:24:38,09:41:46,19:17:08,PSA-PF,Short,24.74,24.71,100,3.00,0.50,0.27,0.06,0.02,0.02,0.00,0.00,0.00,0.00,2.14
,,,,,,,,,,,,,,,,,,
07/12/22 09:40:41,11:02:13,01:21:32,UZE,Long,18.75,18.71,400,(16.00),2.00,1.64,0.17,0.07,0.07,0.00,0.00,0.00,0.00,(19.95)
07/12/22 09:44:02,10:02:22,00:18:20,BPYPM,Long,19.80,19.72,400,(30.75),2.00,2.60,0.18,0.07,0.09,0.00,0.00,0.00,0.00,(35.69)
07/12/22 10:26:37,14:43:49,04:17:12,PMT-PC,Long,18.95,18.86,400,(37.00),2.00,1.45,0.17,0.05,0.03,0.00,0.00,0.00,0.00,(40.70)
07/12/22 10:32:06,13:23:07,02:51:01,AGNCM,Long,20.11,20.11,800,0.49,4.00,4.02,0.37,0.17,0.16,0.00,0.00,0.00,0.00,(8.22)
Equities,,,,,,,"3,056",(82.53),15.28,14.99,1.43,0.58,0.56,0.00,0.00,0.00,0.00,(115.37)
,,,,,,,,,,,,,,,,,,
7/13/2022,,,,,,,,,,,,,,,,,,
Opened,Closed,Held,Symbol,Type,Entry,Exit,Qty,Gross,Comm,Ecn Fee,SEC,TAF,NSCC,FTT,CLR,ORF,PTFPF,Net
06/30/22 16:00:09,16:00:02,12d 23:59:53,KMPB,Short,24.70,24.41,"2,500",706.50,12.50,11.62,1.41,0.34,0.23,0.00,0.00,0.00,0.00,680.39
,,,,,,,,,,,,,,,,,,
07/01/22 11:56:28,16:00:14,12d 04:03:46,MET-PE,Short,25.68,25.56,"2,962",365.86,14.81,11.12,1.74,0.60,0.54,0.00,0.00,0.00,0.00,337.05
,,,,,,,,,,,,,,,,,,
07/05/22 12:37:52,12:16:33,7d 23:38:41,PSB-PY,Long,18.93,18.88,"5,640",(282.11),28.20,25.86,2.44,0.85,0.81,0.00,0.00,0.00,0.00,(340.26)
,,,,,,,,,,,,,,,,,,
07/13/22 08:47:06,10:31:02,01:43:56,GAB,Short,5.89,5.90,119,(1.02),0.60,0.68,0.02,0.03,0.05,0.00,0.00,0.00,0.00,(2.39)
07/13/22 09:30:00,15:49:36,06:19:36,FRC-PH,Short,21.98,22.19,634,(130.00),3.17,2.68,0.32,0.09,0.12,0.00,0.00,0.00,0.00,(136.38)
07/13/22 09:30:00,12:37:43,03:07:43,PSA-PR,Short,18.37,18.49,600,(73.72),3.00,2.71,0.25,0.08,0.06,0.00,0.00,0.00,0.00,(79.82)
07/13/22 09:30:03,10:42:23,01:12:20,DNP,Short,10.97,11.03,600,(38.00),3.00,3.28,0.15,0.09,0.09,0.00,0.00,0.00,0.00,(44.61)
07/13/22 09:35:02,09:35:16,00:00:14,VERU,Long,16.01,15.97,50,(2.00),0.25,0.11,0.02,0.01,0.02,0.00,0.00,0.00,0.00,(2.40)
07/13/22 09:37:18,10:30:09,00:52:51,JPM-PD,Long,24.96,25.03,300,21.00,1.50,0.68,0.17,0.06,0.05,0.00,0.00,0.00,0.00,18.55
07/13/22 09:38:39,10:05:27,00:26:48,VERU,Long,16.16,16.17,120,1.50,0.60,0.63,0.04,0.06,0.10,0.00,0.00,0.00,0.00,0.07
07/13/22 10:22:39,10:37:46,00:15:07,PFF,Long,32.95,33.06,500,54.92,2.50,0.28,0.38,0.09,0.07,0.00,0.00,0.00,0.00,51.60
07/13/22 12:14:02,15:35:27,03:21:25,FRC-PI,Short,24.46,24.46,100,0.00,0.50,0.57,0.06,0.02,0.02,0.00,0.00,0.00,0.00,(1.16)
07/13/22 14:48:35,15:57:03,01:08:28,NRZ-PA,Long,21.62,21.64,300,7.50,1.50,1.68,0.15,0.04,0.02,0.00,0.00,0.00,0.00,4.11
Equities,,,,,,,"14,425",630.44,72.13,61.88,7.15,2.36,2.16,0.00,0.00,0.00,0.00,484.75
,,,,,,,,,,,,,,,,,,
7/14/2022,,,,,,,,,,,,,,,,,,
Opened,Closed,Held,Symbol,Type,Entry,Exit,Qty,Gross,Comm,Ecn Fee,SEC,TAF,NSCC,FTT,CLR,ORF,PTFPF,Net
07/13/22 13:02:58,13:27:48,1d 00:24:50,DMA,Long,6.98,6.89,500,(43.00),2.50,2.79,0.08,0.10,0.07,0.00,0.00,0.00,0.00,(48.54)
,,,,,,,,,,,,,,,,,,
07/14/22 10:38:29,12:03:09,01:24:40,FRC-PI,Short,24.34,24.37,300,(10.00),1.50,1.01,0.17,0.05,0.05,0.00,0.00,0.00,0.00,(12.77)
07/14/22 15:55:27,15:57:25,00:01:58,FRC-PI,Short,24.42,24.35,100,7.00,0.50,0.65,0.06,0.02,0.02,0.00,0.00,0.00,0.00,5.76
Equities,,,,,,,900,(46.00),4.50,4.45,0.30,0.17,0.14,0.00,0.00,0.00,0.00,(55.55)
,,,,,,,,,,,,,,,,,,
7/15/2022,,,,,,,,,,,,,,,,,,
Opened,Closed,Held,Symbol,Type,Entry,Exit,Qty,Gross,Comm,Ecn Fee,SEC,TAF,NSCC,FTT,CLR,ORF,PTFPF,Net
07/12/22 11:14:33,16:00:10,3d 04:45:37,PSB-PX,Long,18.93,19.12,"1,865",345.59,9.33,7.41,0.82,0.36,0.34,0.00,0.00,0.00,0.00,327.33
,,,,,,,,,,,,,,,,,,
07/15/22 07:59:35,07:59:48,00:00:13,USEA,Long,4.62,4.58,60,(2.40),0.30,0.19,0.01,0.01,0.02,0.00,0.00,0.00,0.00,(2.92)
07/15/22 09:30:00,11:44:51,02:14:51,MS-PL,Short,22.27,22.02,500,126.50,2.50,1.16,0.26,0.07,0.07,0.00,0.00,0.00,0.00,122.45
07/15/22 10:11:00,10:13:20,00:02:20,USEA,Long,5.45,5.78,60,20.13,0.30,0.25,0.01,0.05,0.07,0.00,0.00,0.00,0.00,19.45
07/15/22 15:03:44,15:42:59,00:39:15,EAD,Short,6.46,6.48,"2,000",(30.00),10.00,1.91,0.30,0.29,0.23,0.00,0.00,0.00,0.00,(42.72)
07/15/22 15:50:06,16:00:12,00:10:06,MS-PA,Long,20.05,20.21,"5,568",886.88,27.84,34.24,2.58,0.68,0.35,0.00,0.00,0.00,0.00,821.20
07/15/22 15:50:34,15:55:03,00:04:29,GUG,Long,14.31,14.43,"1,000",120.00,5.00,3.70,0.33,0.16,0.09,0.00,0.00,0.00,0.00,110.72
07/15/22 15:55:07,16:00:04,00:04:57,GUG,Long,14.44,14.40,500,(20.00),2.50,3.00,0.16,0.06,0.04,0.00,0.00,0.00,0.00,(25.76)
Equities,,,,,,,"11,553","1,446.70",57.77,51.86,4.45,1.68,1.20,0.00,0.00,0.00,0.00,"1,329.74"
,,,,,,,,,,,,,,,,,,
7/18/2022,,,,,,,,,,,,,,,,,,
Opened,Closed,Held,Symbol,Type,Entry,Exit,Qty,Gross,Comm,Ecn Fee,SEC,TAF,NSCC,FTT,CLR,ORF,PTFPF,Net
07/15/22 09:30:42,12:06:17,3d 02:35:35,UZF,Long,18.80,18.74,500,(30.00),2.50,1.23,0.21,0.06,0.03,0.00,0.00,0.00,0.00,(34.03)
Equities,,,,,,,500,(30.00),2.50,1.23,0.21,0.06,0.03,0.00,0.00,0.00,0.00,(34.03)
,,,,,,,,,,,,,,,,,,
7/19/2022,,,,,,,,,,,,,,,,,,
Opened,Closed,Held,Symbol,Type,Entry,Exit,Qty,Gross,Comm,Ecn Fee,SEC,TAF,NSCC,FTT,CLR,ORF,PTFPF,Net
07/15/22 09:31:30,09:38:43,4d 00:07:13,UZE,Long,18.80,18.71,"1,000",(90.59),5.00,3.48,0.43,0.17,0.09,0.00,0.00,0.00,0.00,(99.76)
Equities,,,,,,,"1,000",(90.59),5.00,3.48,0.43,0.17,0.09,0.00,0.00,0.00,0.00,(99.76)
,,,,,,,,,,,,,,,,,,
7/20/2022,,,,,,,,,,,,,,,,,,
Opened,Closed,Held,Symbol,Type,Entry,Exit,Qty,Gross,Comm,Ecn Fee,SEC,TAF,NSCC,FTT,CLR,ORF,PTFPF,Net
07/12/22 09:30:28,13:12:52,8d 03:42:24,AXS-PE,Long,21.95,21.99,"4,225",173.89,21.13,16.76,2.13,0.72,0.56,0.00,0.00,0.00,0.00,132.60
,,,,,,,,,,,,,,,,,,
07/13/22 14:54:02,12:44:36,6d 21:50:34,AGNCM,Long,20.12,20.50,"1,700",645.50,8.50,8.84,0.80,0.25,0.15,0.00,0.00,0.00,0.00,626.96
,,,,,,,,,,,,,,,,,,
07/14/22 11:53:03,13:02:29,6d 01:09:26,AGNCP,Long,20.08,20.30,"2,000",436.79,10.00,12.18,0.93,0.51,0.45,0.00,0.00,0.00,0.00,412.73
,,,,,,,,,,,,,,,,,,
07/20/22 09:36:20,09:42:41,00:06:21,DRCT,Long,3.01,3.06,40,2.00,0.20,0.16,0.00,0.03,0.04,0.00,0.00,0.00,0.00,1.57
07/20/22 11:34:15,15:19:58,03:45:43,MS-PI,Short,26.14,26.09,"1,000",56.00,5.00,3.04,0.60,0.19,0.12,0.00,0.00,0.00,0.00,47.05
Equities,,,,,,,"8,965","1,314.18",44.83,40.98,4.46,1.70,1.31,0.00,0.00,0.00,0.00,"1,220.91"
,,,,,,,,,,,,,,,,,,
7/21/2022,,,,,,,,,,,,,,,,,,
Opened,Closed,Held,Symbol,Type,Entry,Exit,Qty,Gross,Comm,Ecn Fee,SEC,TAF,NSCC,FTT,CLR,ORF,PTFPF,Net
07/15/22 09:58:12,12:05:55,6d 02:07:43,FRC-PI,Short,24.63,24.67,"1,800",(75.14),9.00,6.03,1.02,0.38,0.28,0.00,0.00,0.00,0.00,(91.84)
,,,,,,,,,,,,,,,,,,
07/19/22 14:24:47,11:36:49,1d 21:12:02,UZF,Long,18.86,18.83,"2,900",(74.50),14.50,14.98,1.25,0.42,0.32,0.00,0.00,0.00,0.00,(105.97)
,,,,,,,,,,,,,,,,,,
07/21/22 09:35:41,09:36:57,00:01:16,PLTR,Long,10.54,10.64,250,23.00,1.25,1.64,0.06,0.05,0.07,0.00,0.00,0.00,0.00,19.93
07/21/22 09:38:44,09:48:28,00:09:44,T,Short,18.50,18.49,300,5.50,1.50,0.16,0.13,0.06,0.06,0.00,0.00,0.00,0.00,3.59
07/21/22 09:55:07,09:56:06,00:00:59,T,Short,18.61,18.63,100,(2.00),0.50,0.15,0.04,0.02,0.03,0.00,0.00,0.00,0.00,(2.74)
Equities,,,,,,,"5,350",(123.14),26.75,22.96,2.50,0.93,0.75,0.00,0.00,0.00,0.00,(177.03)
,,,,,,,,,,,,,,,,,,
7/22/2022,,,,,,,,,,,,,,,,,,
Opened,Closed,Held,Symbol,Type,Entry,Exit,Qty,Gross,Comm,Ecn Fee,SEC,TAF,NSCC,FTT,CLR,ORF,PTFPF,Net
07/22/22 09:30:25,09:34:47,00:04:22,SNAP,Short,10.94,10.82,375,47.25,1.88,0.27,0.09,0.09,0.14,0.00,0.00,0.00,0.00,44.79
07/22/22 09:48:16,12:17:31,02:29:15,RILYZ,Long,21.40,21.35,700,(34.00),3.50,4.26,0.34,0.09,0.08,0.00,0.00,0.00,0.00,(42.28)
Equities,,,,,,,"1,075",13.25,5.38,4.53,0.44,0.18,0.22,0.00,0.00,0.00,0.00,2.51
,,,,,,,,,,,,,,,,,,
7/25/2022,,,,,,,,,,,,,,,,,,
Opened,Closed,Held,Symbol,Type,Entry,Exit,Qty,Gross,Comm,Ecn Fee,SEC,TAF,NSCC,FTT,CLR,ORF,PTFPF,Net
07/25/22 09:27:55,09:32:05,00:04:10,SNAP,Short,9.74,9.84,40,(4.00),0.20,0.06,0.01,0.02,0.03,0.00,0.00,0.00,0.00,(4.31)
07/25/22 09:36:12,11:03:31,01:27:19,HIG-PG,Short,26.43,26.33,102,10.20,0.51,0.10,0.06,0.02,0.02,0.00,0.00,0.00,0.00,9.49
07/25/22 09:43:36,09:48:08,00:04:32,SNAP,Short,10.01,10.03,300,(6.00),1.50,0.57,0.07,0.06,0.05,0.00,0.00,0.00,0.00,(8.25)
07/25/22 09:51:00,09:51:50,00:00:50,SNAP,Short,9.99,10.01,100,(2.00),0.50,(0.36),0.02,0.02,0.02,0.00,0.00,0.00,0.00,(2.20)
07/25/22 10:37:51,10:38:45,00:00:54,SNAP,Long,10.01,9.99,50,(1.00),0.25,0.32,0.01,0.01,0.02,0.00,0.00,0.00,0.00,(1.61)
07/25/22 15:52:39,16:00:14,00:07:35,BCAT,Short,15.01,15.00,500,3.47,2.50,3.12,0.17,0.07,0.04,0.00,0.00,0.00,0.00,(2.43)
Equities,,,,,,,"1,092",0.67,5.46,3.81,0.35,0.20,0.18,0.00,0.00,0.00,0.00,(9.32)
,,,,,,,,,,,,,,,,,,
7/26/2022,,,,,,,,,,,,,,,,,,
Opened,Closed,Held,Symbol,Type,Entry,Exit,Qty,Gross,Comm,Ecn Fee,SEC,TAF,NSCC,FTT,CLR,ORF,PTFPF,Net
07/26/22 08:55:43,08:58:38,00:02:55,FRGT,Long,2.62,2.61,100,(1.20),0.50,0.53,0.01,0.03,0.05,0.00,0.00,0.00,0.00,(2.32)
07/26/22 09:33:20,09:48:47,00:15:27,NEM,Short,45.93,46.03,35,(3.35),0.18,0.05,0.04,0.03,0.04,0.00,0.00,0.00,0.00,(3.68)
07/26/22 09:50:03,09:50:43,00:00:40,NEM,Short,45.98,46.01,25,(0.75),0.13,0.03,0.03,0.01,0.05,0.00,0.00,0.00,0.00,(0.99)
07/26/22 11:01:16,11:02:31,00:01:15,ATH-PD,Long,20.05,20.01,500,(20.00),2.50,1.30,0.23,0.06,0.03,0.00,0.00,0.00,0.00,(24.12)
07/26/22 11:02:20,11:46:51,00:44:31,ESGRP,Long,24.01,23.99,300,(6.90),1.50,1.70,0.16,0.06,0.04,0.00,0.00,0.00,0.00,(10.36)
07/26/22 12:14:56,13:58:23,01:43:27,PSA-PG,Short,24.91,24.91,50,0.00,0.25,0.13,0.03,0.01,0.02,0.00,0.00,0.00,0.00,(0.44)
Equities,,,,,,,"1,010",(32.20),5.05,3.74,0.49,0.20,0.22,0.00,0.00,0.00,0.00,(41.90)
,,,,,,,,,,,,,,,,,,
7/27/2022,,,,,,,,,,,,,,,,,,
Opened,Closed,Held,Symbol,Type,Entry,Exit,Qty,Gross,Comm,Ecn Fee,SEC,TAF,NSCC,FTT,CLR,ORF,PTFPF,Net
07/20/22 15:53:22,14:41:22,6d 22:48:00,MS-PI,Short,26.15,26.18,"1,057",(26.47),5.29,2.21,0.63,0.21,0.17,0.00,0.00,0.00,0.00,(34.98)
,,,,,,,,,,,,,,,,,,
07/21/22 11:40:46,15:07:44,6d 03:26:58,UZF,Long,18.84,19.79,553,524.98,2.77,1.62,0.25,0.12,0.09,0.00,0.00,0.00,0.00,520.14
,,,,,,,,,,,,,,,,,,
07/22/22 10:00:11,15:28:26,5d 05:28:15,BAC-PK,Short,25.28,25.29,"3,600",(10.75),18.00,17.02,2.08,0.51,0.35,0.00,0.00,0.00,0.00,(48.72)
07/22/22 15:22:53,09:30:02,4d 18:07:09,DMA,Long,6.97,6.99,"1,000",20.50,5.00,4.40,0.16,0.15,0.12,0.00,0.00,0.00,0.00,10.67
,,,,,,,,,,,,,,,,,,
07/26/22 12:42:07,11:38:34,22:56:27,RILYZ,Long,21.24,21.23,300,(2.44),1.50,1.16,0.15,0.07,0.05,0.00,0.00,0.00,0.00,(5.37)
07/26/22 13:16:07,10:20:25,21:04:18,BKN,Long,14.02,14.16,300,42.00,1.50,0.12,0.10,0.04,0.03,0.00,0.00,0.00,0.00,40.22
,,,,,,,,,,,,,,,,,,
07/27/22 09:51:54,09:52:37,00:00:43,SHOP,Long,33.01,32.98,100,(3.00),0.50,(0.11),0.08,0.03,0.04,0.00,0.00,0.00,0.00,(3.53)
07/27/22 11:01:24,11:04:39,00:03:15,VERU,Long,12.56,12.45,200,(22.50),1.00,0.92,0.06,0.03,0.04,0.00,0.00,0.00,0.00,(24.54)
07/27/22 11:06:23,11:08:02,00:01:39,VERU,Long,12.51,12.46,400,(21.00),2.00,1.79,0.11,0.10,0.09,0.00,0.00,0.00,0.00,(25.09)
07/27/22 14:36:25,15:10:32,00:34:07,T-PC,Long,20.16,20.20,"3,000",113.80,15.00,13.11,1.39,0.46,0.29,0.00,0.00,0.00,0.00,83.55
07/27/22 14:36:51,15:51:58,01:15:07,FRC-PJ,Long,20.60,20.57,800,(25.73),4.00,4.46,0.38,0.12,0.11,0.00,0.00,0.00,0.00,(34.79)
07/27/22 14:45:49,15:27:14,00:41:25,ESGRP,Long,24.00,23.97,500,(12.00),2.50,0.66,0.27,0.10,0.10,0.00,0.00,0.00,0.00,(15.63)
07/27/22 14:53:47,15:45:20,00:51:33,TDS-PV,Long,20.51,20.60,500,47.00,2.50,3.06,0.24,0.08,0.07,0.00,0.00,0.00,0.00,41.05
07/27/22 14:55:57,15:18:17,00:22:20,ATH-PD,Long,20.13,20.09,300,(12.00),1.50,1.04,0.14,0.05,0.04,0.00,0.00,0.00,0.00,(14.76)
Equities,,,,,,,"12,610",612.39,63.05,51.45,6.03,2.07,1.58,0.00,0.00,0.00,0.00,488.21
,,,,,,,,,,,,,,,,,,
7/28/2022,,,,,,,,,,,,,,,,,,
Opened,Closed,Held,Symbol,Type,Entry,Exit,Qty,Gross,Comm,Ecn Fee,SEC,TAF,NSCC,FTT,CLR,ORF,PTFPF,Net
07/25/22 14:34:18,10:08:59,2d 19:34:41,TRTN-PE,Long,20.51,20.65,673,96.28,3.37,3.29,0.32,0.11,0.12,0.00,0.00,0.00,0.00,89.07
07/25/22 16:00:15,13:43:22,2d 21:43:07,PSA-PF,Short,25.23,25.29,"1,005",(58.73),5.03,3.78,0.58,0.21,0.20,0.00,0.00,0.00,0.00,(68.52)
,,,,,,,,,,,,,,,,,,
07/27/22 14:44:34,10:09:39,19:25:05,PSB-PY,Long,19.11,19.29,500,88.50,2.50,2.59,0.22,0.10,0.08,0.00,0.00,0.00,0.00,83.01
,,,,,,,,,,,,,,,,,,
07/28/22 09:31:34,09:48:14,00:16:40,ET-PC,Long,22.35,22.31,"1,000",(32.16),5.00,5.97,0.51,0.14,0.13,0.00,0.00,0.00,0.00,(43.91)
07/28/22 09:39:36,11:09:43,01:30:07,MS-PE,Short,26.10,26.04,200,12.00,1.00,0.69,0.12,0.04,0.05,0.00,0.00,0.00,0.00,10.11
07/28/22 10:25:04,13:42:21,03:17:17,SPXL,Long,76.67,79.13,50,123.15,0.25,0.22,0.09,0.07,0.09,0.00,0.00,0.00,0.00,122.43
07/28/22 12:51:35,12:57:54,00:06:19,MS-PI,Short,26.16,26.16,94,0.00,0.47,0.31,0.06,0.05,0.06,0.00,0.00,0.00,0.00,(0.95)
07/28/22 12:59:47,13:16:12,00:16:25,FRC-PI,Short,24.87,24.92,600,(29.00),3.00,3.36,0.34,0.12,0.08,0.00,0.00,0.00,0.00,(35.90)
07/28/22 13:42:21,13:42:34,00:00:13,SPXL,Short,80.81,80.81,485,0.00,2.43,2.76,0.90,0.06,0.05,0.00,0.00,0.00,0.00,(6.19)
07/28/22 14:15:04,14:15:58,00:00:54,CIM-PB,Long,21.72,21.70,300,(6.00),1.50,1.44,0.15,0.04,0.03,0.00,0.00,0.00,0.00,(9.16)
Equities,,,,,,,"4,907",194.05,24.54,24.42,3.29,0.94,0.88,0.00,0.00,0.00,0.00,139.98
,,,,,,,,,,,,,,,,,,
7/29/2022,,,,,,,,,,,,,,,,,,
Opened,Closed,Held,Symbol,Type,Entry,Exit,Qty,Gross,Comm,Ecn Fee,SEC,TAF,NSCC,FTT,CLR,ORF,PTFPF,Net
07/19/22 09:38:44,16:00:15,10d 06:21:31,UZE,Long,18.75,19.54,"2,100","1,645.35",10.50,11.31,0.94,0.34,0.20,0.00,0.00,0.00,0.00,"1,622.06"
,,,,,,,,,,,,,,,,,,
07/25/22 15:57:01,10:01:16,3d 18:04:15,KIM-PM,Short,24.69,24.74,600,(27.92),3.00,2.60,0.34,0.17,0.15,0.00,0.00,0.00,0.00,(34.17)
,,,,,,,,,,,,,,,,,,
07/28/22 09:30:00,10:11:12,1d 00:41:12,TRTN-PD,Long,24.35,24.68,100,33.00,0.50,0.00,0.06,0.02,0.02,0.00,0.00,0.00,0.00,32.41
07/28/22 15:58:31,16:00:25,1d 00:01:54,CIM-PB,Long,21.63,21.94,600,187.00,3.00,3.06,0.30,0.10,0.07,0.00,0.00,0.00,0.00,180.47
07/28/22 16:00:26,10:00:57,18:00:31,GS-PJ,Short,25.00,24.97,500,15.00,2.50,3.08,0.29,0.06,0.04,0.00,0.00,0.00,0.00,9.04
07/28/22 16:00:27,09:49:21,17:48:54,C-PK,Short,26.60,26.60,"1,000",1.00,5.00,6.12,0.61,0.13,0.07,0.00,0.00,0.00,0.00,(10.93)
,,,,,,,,,,,,,,,,,,
07/29/22 09:30:05,09:57:33,00:27:28,ETB,Short,16.64,16.54,100,10.00,0.50,0.23,0.04,0.02,0.02,0.00,0.00,0.00,0.00,9.20
07/29/22 15:50:07,16:00:25,00:10:18,DX-PC,Long,22.74,22.76,"1,500",30.00,7.50,9.23,0.78,0.18,0.10,0.00,0.00,0.00,0.00,12.21
07/29/22 15:51:06,16:00:15,00:09:09,HPP-PC,Long,20.56,20.73,763,126.32,3.82,4.79,0.36,0.10,0.05,0.00,0.00,0.00,0.00,117.20
Equities,,,,,,,"7,263","2,019.75",36.32,40.40,3.71,1.12,0.72,0.00,0.00,0.00,0.00,"1,937.48"
,,,,,,,,,,,,,,,,,,
8/1/2022,,,,,,,,,,,,,,,,,,
Opened,Closed,Held,Symbol,Type,Entry,Exit,Qty,Gross,Comm,Ecn Fee,SEC,TAF,NSCC,FTT,CLR,ORF,PTFPF,Net
07/22/22 09:39:19,10:22:39,10d 00:43:20,ACGLN,Long,19.18,19.71,"2,000","1,072.20",10.00,9.50,0.90,0.33,0.20,0.00,0.00,0.00,0.00,"1,051.27"
,,,,,,,,,,,,,,,,,,
07/28/22 09:32:03,12:11:59,4d 02:39:56,RILYZ,Long,21.40,21.81,600,243.00,3.00,2.46,0.30,0.09,0.08,0.00,0.00,0.00,0.00,237.08
,,,,,,,,,,,,,,,,,,
07/29/22 12:10:31,09:30:02,2d 21:19:31,ECC,Long,11.74,11.73,300,(3.00),1.50,1.71,0.08,0.07,0.06,0.00,0.00,0.00,0.00,(6.42)
07/29/22 15:50:48,15:26:11,2d 23:35:23,RLJ-PA,Long,26.11,26.07,"1,031",(43.36),5.16,5.65,0.62,0.13,0.11,0.00,0.00,0.00,0.00,(55.02)
07/29/22 16:00:16,09:53:38,2d 17:53:22,EAI,Short,25.15,25.10,"1,000",50.00,5.00,6.08,0.58,0.12,0.07,0.00,0.00,0.00,0.00,38.16
,,,,,,,,,,,,,,,,,,
08/01/22 09:44:37,09:46:01,00:01:24,TBLT,Long,8.84,8.82,20,(0.40),0.10,0.13,0.00,0.01,0.02,0.00,0.00,0.00,0.00,(0.66)
08/01/22 15:30:59,16:00:08,00:29:09,UZF,Long,21.08,21.18,100,10.00,0.50,0.62,0.05,0.04,0.05,0.00,0.00,0.00,0.00,8.75
08/01/22 15:50:23,16:00:13,00:09:50,PCN,Long,14.03,14.03,"1,623",(0.95),8.12,7.28,0.52,0.23,0.15,0.00,0.00,0.00,0.00,(17.25)
Equities,,,,,,,"6,674","1,327.49",33.37,33.42,3.05,1.02,0.74,0.00,0.00,0.00,0.00,"1,255.90"
,,,,,,,,,,,,,,,,,,
8/2/2022,,,,,,,,,,,,,,,,,,
Opened,Closed,Held,Symbol,Type,Entry,Exit,Qty,Gross,Comm,Ecn Fee,SEC,TAF,NSCC,FTT,CLR,ORF,PTFPF,Net
07/27/22 14:44:51,09:56:09,5d 19:11:18,PSB-PZ,Long,18.29,18.84,"1,802",983.49,9.01,8.73,0.78,0.27,0.23,0.00,0.00,0.00,0.00,964.47
,,,,,,,,,,,,,,,,,,
07/28/22 12:05:00,14:19:39,5d 02:14:39,PSB-PY,Long,19.33,20.32,500,495.50,2.50,2.40,0.23,0.10,0.06,0.00,0.00,0.00,0.00,490.21
,,,,,,,,,,,,,,,,,,
07/29/22 16:00:31,12:20:08,3d 20:19:37,DUK-PA,Short,26.45,26.63,"1,000",(188.56),5.00,5.35,0.61,0.18,0.14,0.00,0.00,0.00,0.00,(199.84)
,,,,,,,,,,,,,,,,,,
08/01/22 14:22:43,13:23:19,23:00:36,PSA-PF,Short,25.93,25.97,807,(37.11),4.04,4.33,0.48,0.16,0.16,0.00,0.00,0.00,0.00,(46.28)
,,,,,,,,,,,,,,,,,,
08/02/22 09:30:20,09:30:23,00:00:03,UBER,Long,27.94,27.77,50,(8.50),0.25,0.12,0.03,0.02,0.03,0.00,0.00,0.00,0.00,(8.95)
08/02/22 09:32:13,09:35:46,00:03:33,UBER,Short,27.91,27.73,100,17.25,0.50,0.18,0.06,0.03,0.07,0.00,0.00,0.00,0.00,16.41
08/02/22 09:38:26,09:40:49,00:02:23,UBER,Short,27.88,27.95,60,(4.33),0.30,0.25,0.04,0.02,0.05,0.00,0.00,0.00,0.00,(4.98)
08/02/22 09:41:25,09:43:50,00:02:25,UBER,Short,27.98,27.71,25,6.80,0.13,(0.05),0.02,0.01,0.05,0.00,0.00,0.00,0.00,6.64
08/02/22 09:44:17,10:52:47,01:08:30,SNAP,Short,10.07,9.93,150,21.63,0.75,0.66,0.03,0.04,0.07,0.00,0.00,0.00,0.00,20.07
08/02/22 10:13:22,13:06:21,02:52:59,PSA-PG,Short,25.44,25.69,700,(179.00),3.50,4.14,0.41,0.13,0.11,0.00,0.00,0.00,0.00,(187.29)
08/02/22 12:23:35,13:11:57,00:48:22,DUK-PA,Short,26.74,26.87,688,(89.44),3.44,1.55,0.42,0.09,0.07,0.00,0.00,0.00,0.00,(95.01)
08/02/22 12:52:10,12:55:42,00:03:32,AMTD,Long,10.27,9.92,75,(26.25),0.38,0.39,0.02,0.02,0.05,0.00,0.00,0.00,0.00,(27.09)
08/02/22 14:19:55,14:32:39,00:12:44,DUK-PA,Short,26.88,26.87,207,2.07,1.04,0.28,0.13,0.03,0.03,0.00,0.00,0.00,0.00,0.57
Equities,,,,,,,"6,164",993.55,30.82,28.33,3.25,1.10,1.11,0.00,0.00,0.00,0.00,928.93
,,,,,,,,,,,,,,,,,,
8/3/2022,,,,,,,,,,,,,,,,,,
Opened,Closed,Held,Symbol,Type,Entry,Exit,Qty,Gross,Comm,Ecn Fee,SEC,TAF,NSCC,FTT,CLR,ORF,PTFPF,Net
08/02/22 12:03:47,11:41:30,23:37:43,NYMTN,Long,20.56,20.78,700,157.00,3.50,1.85,0.33,0.13,0.13,0.00,0.00,0.00,0.00,151.06
08/02/22 15:52:41,09:33:25,17:40:44,PSA-PJ,Short,25.11,25.12,400,(4.00),2.00,2.52,0.23,0.08,0.05,0.00,0.00,0.00,0.00,(8.88)
08/02/22 15:54:38,12:38:02,20:43:24,C-PN,Short,27.80,27.71,"1,134",98.49,5.67,6.51,0.72,0.24,0.18,0.00,0.00,0.00,0.00,85.16
08/02/22 15:58:08,12:38:31,20:40:23,PSA-PF,Short,25.97,25.96,900,5.00,4.50,5.67,0.53,0.16,0.09,0.00,0.00,0.00,0.00,(5.95)
Equities,,,,,,,"3,134",256.49,15.67,16.55,1.82,0.61,0.45,0.00,0.00,0.00,0.00,221.39
,,,,,,,,,,,,,,,,,,
8/4/2022,,,,,,,,,,,,,,,,,,
Opened,Closed,Held,Symbol,Type,Entry,Exit,Qty,Gross,Comm,Ecn Fee,SEC,TAF,NSCC,FTT,CLR,ORF,PTFPF,Net
08/01/22 09:31:15,09:56:35,3d 00:25:20,ABR-PF,Long,20.67,20.81,"1,400",189.84,7.00,7.01,0.67,0.28,0.22,0.00,0.00,0.00,0.00,174.67
Equities,,,,,,,"1,400",189.84,7.00,7.01,0.67,0.28,0.22,0.00,0.00,0.00,0.00,174.67
,,,,,,,,,,,,,,,,,,
8/9/2022,,,,,,,,,,,,,,,,,,
Opened,Closed,Held,Symbol,Type,Entry,Exit,Qty,Gross,Comm,Ecn Fee,SEC,TAF,NSCC,FTT,CLR,ORF,PTFPF,Net
08/09/22 09:08:20,09:09:04,00:00:44,VRNA,Long,14.04,13.95,50,(4.50),0.25,0.11,0.02,0.01,0.02,0.00,0.00,0.00,0.00,(4.90)
08/09/22 09:17:05,09:19:15,00:02:10,VRNA,Long,14.01,14.05,20,0.70,0.10,0.00,0.01,0.02,0.03,0.00,0.00,0.00,0.00,0.54
08/09/22 09:33:07,09:35:39,00:02:32,VTNR,Short,8.66,8.57,80,7.65,0.40,0.12,0.02,0.03,0.06,0.00,0.00,0.00,0.00,7.02
08/09/22 09:38:32,09:40:00,00:01:28,VTNR,Short,8.88,9.03,100,(15.25),0.50,0.15,0.02,0.04,0.05,0.00,0.00,0.00,0.00,(16.00)
08/09/22 09:40:05,09:43:49,00:03:44,VTNR,Short,8.99,8.74,200,48.50,1.00,0.57,0.04,0.04,0.05,0.00,0.00,0.00,0.00,46.80
Equities,,,,,,,450,37.10,2.25,0.95,0.10,0.14,0.21,0.00,0.00,0.00,0.00,33.45
,,,,,,,,,,,,,,,,,,
8/22/2022,,,,,,,,,,,,,,,,,,
Opened,Closed,Held,Symbol,Type,Entry,Exit,Qty,Gross,Comm,Ecn Fee,SEC,TAF,NSCC,FTT,CLR,ORF,PTFPF,Net
08/22/22 09:30:00,13:58:13,04:28:13,PMX,Short,9.88,9.77,800,91.04,4.00,2.69,0.18,0.13,0.14,0.00,0.00,0.00,0.00,83.89
08/22/22 09:30:01,12:07:44,02:37:43,LEO,Short,6.90,6.80,800,81.00,4.00,3.51,0.13,0.12,0.08,0.00,0.00,0.00,0.00,73.17
08/22/22 09:59:37,15:22:49,05:23:12,PZC,Short,8.54,8.53,"2,000",27.24,10.00,6.02,0.39,0.37,0.25,0.00,0.00,0.00,0.00,10.20
08/22/22 10:37:16,11:47:01,01:09:45,TDS-PU,Short,22.80,22.84,45,(1.70),0.23,0.15,0.02,0.01,0.03,0.00,0.00,0.00,0.00,(2.14)
08/22/22 11:37:07,12:12:21,00:35:14,FL,Short,37.95,37.56,50,19.50,0.25,(0.18),0.04,0.01,0.02,0.00,0.00,0.00,0.00,19.36
08/22/22 12:59:59,13:09:15,00:09:16,ET-PD,Long,23.08,23.07,300,(3.00),1.50,1.04,0.16,0.04,0.02,0.00,0.00,0.00,0.00,(5.75)
08/22/22 13:06:16,13:07:16,00:01:00,VNOM,Short,30.89,31.05,100,(16.00),0.50,0.15,0.07,0.02,0.02,0.00,0.00,0.00,0.00,(16.75)
08/22/22 13:23:35,14:43:09,01:19:34,ET-PD,Long,23.02,23.00,500,(10.20),2.50,1.40,0.26,0.08,0.07,0.00,0.00,0.00,0.00,(14.51)
Equities,,,,,,,"4,595",187.88,22.98,14.78,1.26,0.78,0.62,0.00,0.00,0.00,0.00,147.47
,,,,,,,,,,,,,,,,,,
8/23/2022,,,,,,,,,,,,,,,,,,
Opened,Closed,Held,Symbol,Type,Entry,Exit,Qty,Gross,Comm,Ecn Fee,SEC,TAF,NSCC,FTT,CLR,ORF,PTFPF,Net
08/22/22 10:03:38,10:09:22,1d 00:05:44,EPR-PG,Short,23.31,23.34,500,(14.00),2.50,3.14,0.27,0.11,0.10,0.00,0.00,0.00,0.00,(20.11)
08/22/22 15:51:00,11:28:52,19:37:52,ET-PD,Long,23.02,22.92,"1,100",(107.25),5.50,5.64,0.58,0.14,0.12,0.00,0.00,0.00,0.00,(119.22)
,,,,,,,,,,,,,,,,,,
08/23/22 09:30:00,09:52:33,00:22:33,MUC,Short,12.35,12.37,"1,100",(22.00),5.50,4.17,0.31,0.14,0.12,0.00,0.00,0.00,0.00,(32.24)
08/23/22 09:30:01,09:53:47,00:23:46,NMZ,Short,12.00,12.02,"1,000",(20.00),5.00,1.00,0.27,0.12,0.06,0.00,0.00,0.00,0.00,(26.46)
08/23/22 09:30:03,12:17:33,02:47:30,NVG,Short,13.99,14.03,"1,500",(67.00),7.50,7.13,0.48,0.20,0.22,0.00,0.00,0.00,0.00,(82.53)
08/23/22 09:43:20,09:44:06,00:00:46,XPEV,Short,18.61,18.43,50,9.13,0.25,0.07,0.02,0.02,0.04,0.00,0.00,0.00,0.00,8.73
08/23/22 09:52:59,09:53:02,00:00:03,XPEV,Short,19.03,19.02,50,0.50,0.25,0.07,0.02,0.01,0.02,0.00,0.00,0.00,0.00,0.13
08/23/22 09:53:28,09:55:13,00:01:45,XPEV,Short,18.99,19.00,50,(0.50),0.25,0.08,0.02,0.01,0.02,0.00,0.00,0.00,0.00,(0.87)
08/23/22 09:58:40,10:00:43,00:02:03,XPEV,Short,19.00,19.11,50,(5.50),0.25,0.08,0.02,0.01,0.03,0.00,0.00,0.00,0.00,(5.88)
08/23/22 10:05:23,10:16:31,00:11:08,SPXL,Long,84.75,85.53,5,3.90,0.03,0.02,0.01,0.01,0.02,0.00,0.00,0.00,0.00,3.81
08/23/22 10:09:05,10:22:41,00:13:36,NEA,Long,12.15,12.14,"3,000",(22.56),15.00,17.38,0.83,0.39,0.22,0.00,0.00,0.00,0.00,(56.39)
08/23/22 10:37:22,11:53:50,01:16:28,NMZ,Short,12.06,12.05,"1,005",14.08,5.03,5.71,0.28,0.15,0.15,0.00,0.00,0.00,0.00,2.77
08/23/22 11:09:44,11:11:51,00:02:07,AIG-PA,Long,24.41,24.35,200,(12.00),1.00,0.72,0.11,0.03,0.02,0.00,0.00,0.00,0.00,(13.88)
08/23/22 14:08:30,14:30:48,00:22:18,ET-PE,Long,23.55,23.68,100,13.00,0.50,0.40,0.05,0.03,0.04,0.00,0.00,0.00,0.00,11.98
08/23/22 15:05:11,15:10:55,00:05:44,PFF,Short,33.46,33.47,400,(4.00),2.00,0.60,0.31,0.06,0.05,0.00,0.00,0.00,0.00,(7.01)
08/23/22 15:27:45,15:30:14,00:02:29,ET-PE,Long,23.52,23.63,100,11.00,0.50,0.65,0.05,0.02,0.02,0.00,0.00,0.00,0.00,9.76
Equities,,,,,,,"10,210",(223.21),51.05,46.84,3.65,1.45,1.23,0.00,0.00,0.00,0.00,(327.41)
,,,,,,,,,,,,,,,,,,
8/24/2022,,,,,,,,,,,,,,,,,,
Opened,Closed,Held,Symbol,Type,Entry,Exit,Qty,Gross,Comm,Ecn Fee,SEC,TAF,NSCC,FTT,CLR,ORF,PTFPF,Net
07/27/22 15:32:36,12:52:59,27d 21:20:23,SCE-PJ,Long,20.37,20.39,"5,279",134.87,26.40,13.76,2.47,1.02,0.82,0.00,0.00,0.00,0.00,90.41
,,,,,,,,,,,,,,,,,,
08/22/22 10:35:26,10:29:19,1d 23:53:53,ET-PC,Short,22.56,22.47,"2,300",203.50,11.50,11.95,1.19,0.33,0.27,0.00,0.00,0.00,0.00,178.26
,,,,,,,,,,,,,,,,,,
08/23/22 09:30:00,13:51:04,1d 04:21:04,PCK,Short,7.25,7.31,"1,700",(107.80),8.50,6.27,0.28,0.25,0.19,0.00,0.00,0.00,0.00,(123.30)
08/23/22 14:21:12,10:49:11,20:27:59,BPYPM,Long,19.74,19.77,"1,405",38.58,7.03,7.14,0.64,0.23,0.27,0.00,0.00,0.00,0.00,23.28
08/23/22 15:19:57,10:21:05,19:01:08,AIG-PA,Long,24.05,24.38,500,164.94,2.50,0.40,0.28,0.16,0.52,0.00,0.00,0.00,0.00,161.08
08/23/22 15:32:14,10:53:28,19:21:14,ET-PE,Long,23.59,23.75,500,81.80,2.50,3.14,0.27,0.09,0.11,0.00,0.00,0.00,0.00,75.69
,,,,,,,,,,,,,,,,,,
08/24/22 09:30:01,13:24:28,03:54:27,MUC,Short,12.44,12.45,"1,000",(10.00),5.00,4.48,0.28,0.15,0.12,0.00,0.00,0.00,0.00,(20.03)
08/24/22 09:41:30,10:09:49,00:28:19,ACGLO,Long,22.43,22.57,182,25.48,0.91,0.60,0.09,0.03,0.03,0.00,0.00,0.00,0.00,23.82
08/24/22 09:48:53,11:03:10,01:14:17,PRH,Long,25.20,25.17,"1,000",(27.00),5.00,6.38,0.58,0.16,0.10,0.00,0.00,0.00,0.00,(39.21)
08/24/22 09:51:11,10:50:45,00:59:34,ET-PD,Long,22.88,22.81,400,(26.40),2.00,0.70,0.21,0.06,0.05,0.00,0.00,0.00,0.00,(29.42)
08/24/22 10:05:34,10:16:44,00:11:10,TWTR,Short,39.77,39.46,50,15.50,0.25,(0.16),0.05,0.01,0.03,0.00,0.00,0.00,0.00,15.33
08/24/22 10:11:11,11:48:22,01:37:11,OXLCM,Long,25.10,25.15,100,5.00,0.50,0.65,0.06,0.02,0.02,0.00,0.00,0.00,0.00,3.75
08/24/22 10:24:34,12:15:14,01:50:40,JPS,Long,7.48,7.48,"1,000",8.06,5.00,3.11,0.17,0.14,0.17,0.00,0.00,0.00,0.00,(0.53)
08/24/22 10:49:32,15:54:48,05:05:16,SREA,Short,24.58,24.58,"1,700",(12.16),8.50,7.70,0.96,0.33,0.32,0.00,0.00,0.00,0.00,(29.96)
08/24/22 10:53:40,10:57:46,00:04:06,ET-PE,Short,23.75,23.76,200,(2.00),1.00,1.27,0.11,0.03,0.04,0.00,0.00,0.00,0.00,(4.44)
08/24/22 11:52:59,12:47:36,00:54:37,BHFAM,Long,17.58,17.48,300,(30.00),1.50,1.97,0.12,0.04,0.10,0.00,0.00,0.00,0.00,(33.72)
08/24/22 12:41:33,14:26:22,01:44:49,WFC-PQ,Short,24.26,24.44,300,(54.86),1.50,1.94,0.17,0.06,0.05,0.00,0.00,0.00,0.00,(58.57)
08/24/22 13:01:02,14:40:29,01:39:27,HIG-PG,Long,25.04,25.16,500,59.60,2.50,2.00,0.29,0.12,0.11,0.00,0.00,0.00,0.00,54.58
08/24/22 15:50:13,15:51:52,00:01:39,BXSL,Short,24.73,24.63,500,50.00,2.50,2.78,0.28,0.09,0.05,0.00,0.00,0.00,0.00,44.30
Equities,,,,,,,"18,916",517.11,94.58,76.05,8.48,3.32,3.35,0.00,0.00,0.00,0.00,331.33
,,,,,,,,,,,,,,,,,,
8/25/2022,,,,,,,,,,,,,,,,,,
Opened,Closed,Held,Symbol,Type,Entry,Exit,Qty,Gross,Comm,Ecn Fee,SEC,TAF,NSCC,FTT,CLR,ORF,PTFPF,Net
08/25/22 09:30:01,09:56:22,00:26:21,AEL-PA,Short,23.77,23.73,200,8.02,1.00,1.24,0.11,0.04,0.05,0.00,0.00,0.00,0.00,5.59
08/25/22 09:34:10,09:37:26,00:03:16,WFC-PD,Short,18.91,18.95,300,(12.00),1.50,1.97,0.13,0.04,0.02,0.00,0.00,0.00,0.00,(15.65)
08/25/22 09:40:14,09:59:47,00:19:33,SREA,Short,24.73,24.75,214,(4.14),1.07,0.72,0.12,0.04,0.03,0.00,0.00,0.00,0.00,(6.12)
08/25/22 09:51:10,13:05:33,03:14:23,FTHY,Long,15.55,15.60,"1,000",53.00,5.00,5.25,0.36,0.21,0.20,0.00,0.00,0.00,0.00,41.98
08/25/22 10:00:46,11:05:53,01:05:07,PRH,Long,25.21,25.23,500,11.00,2.50,2.82,0.29,0.07,0.05,0.00,0.00,0.00,0.00,5.27
08/25/22 10:02:14,10:30:36,00:28:22,NSS,Long,24.70,24.85,212,30.80,1.06,0.72,0.12,0.04,0.05,0.00,0.00,0.00,0.00,28.81
08/25/22 10:03:02,10:27:12,00:24:10,ACGLN,Long,19.00,19.04,200,8.00,1.00,0.74,0.09,0.03,0.03,0.00,0.00,0.00,0.00,6.12
08/25/22 10:32:08,11:40:32,01:08:24,ARGO-PA,Long,21.64,21.51,500,(66.20),2.50,2.24,0.25,0.12,0.13,0.00,0.00,0.00,0.00,(71.44)
08/25/22 15:46:55,15:54:33,00:07:38,ARGO-PA,Long,21.56,21.42,300,(41.50),1.50,1.01,0.15,0.07,0.06,0.00,0.00,0.00,0.00,(44.29)
Equities,,,,,,,"3,426",(13.02),17.13,16.71,1.61,0.66,0.60,0.00,0.00,0.00,0.00,(49.72)
,,,,,,,,,,,,,,,,,,
8/26/2022,,,,,,,,,,,,,,,,,,
Opened,Closed,Held,Symbol,Type,Entry,Exit,Qty,Gross,Comm,Ecn Fee,SEC,TAF,NSCC,FTT,CLR,ORF,PTFPF,Net
08/26/22 09:30:00,12:08:46,02:38:46,PMT-PC,Long,20.05,19.96,900,(81.96),4.50,2.28,0.41,0.17,0.11,0.00,0.00,0.00,0.00,(89.43)
08/26/22 09:33:48,09:34:45,00:00:57,AFRM,Short,28.24,28.53,25,(7.25),0.13,0.04,0.02,0.02,0.03,0.00,0.00,0.00,0.00,(7.47)
08/26/22 10:02:52,14:17:33,04:14:41,SREA,Short,24.75,24.84,900,(85.02),4.50,5.81,0.51,0.15,0.09,0.00,0.00,0.00,0.00,(96.07)
08/26/22 10:04:01,10:22:16,00:18:15,BAC-PK,Short,25.25,25.27,100,(2.00),0.50,0.34,0.06,0.02,0.02,0.00,0.00,0.00,0.00,(2.93)
08/26/22 10:18:03,13:12:21,02:54:18,RLJ-PA,Long,25.76,25.70,200,(12.00),1.00,0.50,0.12,0.03,0.03,0.00,0.00,0.00,0.00,(13.67)
08/26/22 10:27:58,15:12:29,04:44:31,BAC-PK,Short,25.25,25.23,"4,000",76.37,20.00,15.57,2.31,0.53,0.41,0.00,0.00,0.00,0.00,37.56
08/26/22 10:34:56,10:58:16,00:23:20,ET-PD,Long,22.73,22.70,400,(11.00),2.00,1.40,0.21,0.05,0.05,0.00,0.00,0.00,0.00,(14.71)
08/26/22 10:56:57,11:29:46,00:32:49,SPXL,Short,83.83,82.61,7,8.54,0.04,0.01,0.01,0.01,0.04,0.00,0.00,0.00,0.00,8.44
08/26/22 10:59:00,14:22:28,03:23:28,ATCO-PH,Short,21.92,22.82,100,(89.92),0.50,0.64,0.05,0.03,0.03,0.00,0.00,0.00,0.00,(91.16)
08/26/22 11:04:50,11:05:58,00:01:08,NLY-PF,Short,24.41,24.41,4,0.00,0.02,0.01,0.00,0.01,0.02,0.00,0.00,0.00,0.00,(0.06)
Equities,,,,,,,"6,636",(204.24),33.18,26.58,3.70,1.02,0.81,0.00,0.00,0.00,0.00,(269.53)
,,,,,,,,,,,,,,,,,,
8/29/2022,,,,,,,,,,,,,,,,,,
Opened,Closed,Held,Symbol,Type,Entry,Exit,Qty,Gross,Comm,Ecn Fee,SEC,TAF,NSCC,FTT,CLR,ORF,PTFPF,Net
08/29/22 09:30:00,11:36:25,02:06:25,NHS,Short,9.15,9.12,300,9.00,1.50,2.16,0.06,0.05,0.03,0.00,0.00,0.00,0.00,5.20
08/29/22 09:30:01,10:07:39,00:37:38,SREA,Short,24.76,24.72,119,4.76,0.60,0.46,0.07,0.03,0.03,0.00,0.00,0.00,0.00,3.58
08/29/22 09:32:33,09:33:59,00:01:26,AFRM,Short,23.95,24.18,40,(9.20),0.20,0.06,0.02,0.01,0.02,0.00,0.00,0.00,0.00,(9.51)
08/29/22 09:40:47,10:37:22,00:56:35,MRVL,Short,50.75,49.92,10,8.32,0.05,(0.00),0.01,0.01,0.05,0.00,0.00,0.00,0.00,8.20
08/29/22 09:41:00,09:42:44,00:01:44,JWN,Short,18.00,18.03,200,(7.00),1.00,0.30,0.08,0.04,0.04,0.00,0.00,0.00,0.00,(8.45)
08/29/22 09:55:57,10:25:49,00:29:52,AFRM,Short,24.94,24.21,20,14.55,0.10,0.11,0.01,0.01,0.05,0.00,0.00,0.00,0.00,14.27
08/29/22 10:12:57,12:49:56,02:36:59,USB-PP,Short,24.50,24.50,600,1.50,3.00,3.49,0.34,0.11,0.09,0.00,0.00,0.00,0.00,(5.53)
08/29/22 11:12:43,12:50:08,01:37:25,USB-PS,Short,20.47,20.43,232,9.96,1.16,0.92,0.11,0.05,0.05,0.00,0.00,0.00,0.00,7.67
08/29/22 11:47:06,11:52:53,00:05:47,ATH-PA,Long,24.55,24.67,100,12.00,0.50,0.06,0.06,0.02,0.02,0.00,0.00,0.00,0.00,11.35
08/29/22 11:58:51,12:48:26,00:49:35,NLY-PI,Short,24.07,24.09,300,(6.00),1.50,1.05,0.17,0.04,0.02,0.00,0.00,0.00,0.00,(8.77)
08/29/22 13:28:41,14:33:35,01:04:54,DLR-PK,Long,25.03,25.09,800,48.00,4.00,3.58,0.46,0.12,0.06,0.00,0.00,0.00,0.00,39.78
08/29/22 13:29:35,13:34:06,00:04:31,CIM-PC,Long,21.14,21.27,200,26.12,1.00,0.69,0.10,0.04,0.05,0.00,0.00,0.00,0.00,24.24
08/29/22 13:33:26,15:42:53,02:09:27,SCE-PJ,Long,19.73,19.88,300,45.00,1.50,0.12,0.14,0.04,0.04,0.00,0.00,0.00,0.00,43.17
Equities,,,,,,,"3,221",157.01,16.11,13.00,1.62,0.57,0.52,0.00,0.00,0.00,0.00,125.19
,,,,,,,,,,,,,,,,,,
8/30/2022,,,,,,,,,,,,,,,,,,
Opened,Closed,Held,Symbol,Type,Entry,Exit,Qty,Gross,Comm,Ecn Fee,SEC,TAF,NSCC,FTT,CLR,ORF,PTFPF,Net
08/29/22 13:35:12,10:33:04,20:57:52,PSB-PZ,Long,18.04,18.00,254,(9.70),1.27,0.62,0.10,0.05,0.04,0.00,0.00,0.00,0.00,(11.78)
08/29/22 15:56:57,10:18:20,18:21:23,AAM-PB,Long,25.26,25.32,106,6.16,0.53,0.69,0.06,0.02,0.04,0.00,0.00,0.00,0.00,4.82
,,,,,,,,,,,,,,,,,,
08/30/22 09:30:00,11:19:48,01:49:48,NID,Short,13.45,13.46,"3,000",(22.00),15.00,13.74,0.92,0.45,0.25,0.00,0.00,0.00,0.00,(52.37)
08/30/22 09:30:00,14:14:44,04:44:44,BLE,Short,11.31,11.19,"2,500",307.80,12.50,9.62,0.65,0.39,0.35,0.00,0.00,0.00,0.00,284.30
08/30/22 09:30:01,12:39:03,03:09:02,OIA,Short,6.89,6.84,500,25.00,2.50,(0.20),0.08,0.07,0.04,0.00,0.00,0.00,0.00,22.51
08/30/22 09:30:02,12:34:22,03:04:20,NXP,Short,14.01,14.04,905,(30.30),4.53,3.28,0.29,0.20,0.14,0.00,0.00,0.00,0.00,(38.74)
08/30/22 09:33:06,10:07:24,00:34:18,F-PD,Long,24.58,24.50,800,(60.85),4.00,4.36,0.45,0.12,0.10,0.00,0.00,0.00,0.00,(69.88)
08/30/22 09:43:45,10:21:42,00:37:57,UUUU,Long,7.57,7.54,50,(1.25),0.25,0.21,0.01,0.01,0.03,0.00,0.00,0.00,0.00,(1.76)
08/30/22 10:42:10,11:52:54,01:10:44,NHS,Short,9.01,8.94,522,38.06,2.61,3.32,0.11,0.12,0.16,0.00,0.00,0.00,0.00,31.74
08/30/22 11:03:08,11:16:19,00:13:11,FUTU,Short,46.90,47.05,20,(3.05),0.10,0.03,0.02,0.04,0.05,0.00,0.00,0.00,0.00,(3.29)
08/30/22 12:40:15,15:58:07,03:17:52,OIA,Short,6.81,6.82,"1,000",(7.23),5.00,5.64,0.16,0.15,0.08,0.00,0.00,0.00,0.00,(18.26)
08/30/22 12:45:04,15:39:33,02:54:29,ATH-PA,Long,24.55,24.61,"1,328",75.04,6.64,5.41,0.75,0.25,0.25,0.00,0.00,0.00,0.00,61.74
Equities,,,,,,,"10,985",317.68,54.93,46.72,3.60,1.87,1.53,0.00,0.00,0.00,0.00,209.03
,,,,,,,,,,,,,,,,,,
8/31/2022,,,,,,,,,,,,,,,,,,
Opened,Closed,Held,Symbol,Type,Entry,Exit,Qty,Gross,Comm,Ecn Fee,SEC,TAF,NSCC,FTT,CLR,ORF,PTFPF,Net
08/26/22 10:12:56,13:13:58,5d 03:01:02,RILYZ,Long,21.48,21.35,600,(80.00),3.00,3.96,0.29,0.08,0.06,0.00,0.00,0.00,0.00,(87.39)
,,,,,,,,,,,,,,,,,,
08/30/22 09:52:46,10:30:10,1d 00:37:24,SCHW-PD,Long,25.03,24.99,"2,500",(107.69),12.50,10.92,1.43,0.36,0.35,0.00,0.00,0.00,0.00,(133.25)
08/30/22 15:58:52,12:42:18,20:43:26,ATH-PA,Long,24.51,24.51,"1,163",(5.72),5.82,3.13,0.65,0.18,0.15,0.00,0.00,0.00,0.00,(15.65)
,,,,,,,,,,,,,,,,,,
08/31/22 09:32:27,09:36:09,00:03:42,SNAP,Short,10.86,10.68,400,73.50,2.00,2.00,0.10,0.07,0.11,0.00,0.00,0.00,0.00,69.22
08/31/22 09:42:13,09:42:48,00:00:35,SNAP,Short,10.65,10.71,200,(12.50),1.00,1.30,0.05,0.04,0.03,0.00,0.00,0.00,0.00,(14.91)
08/31/22 09:43:58,09:44:43,00:00:45,SNAP,Short,10.70,10.73,100,(3.50),0.50,0.66,0.02,0.02,0.02,0.00,0.00,0.00,0.00,(4.72)
08/31/22 09:50:58,09:51:34,00:00:36,SNAP,Short,10.80,10.88,50,(4.06),0.25,0.07,0.01,0.01,0.04,0.00,0.00,0.00,0.00,(4.44)
08/31/22 09:58:20,11:37:54,01:39:34,MMU,Long,10.44,10.44,300,0.00,1.50,1.91,0.07,0.04,0.03,0.00,0.00,0.00,0.00,(3.54)
08/31/22 10:01:51,11:12:42,01:10:51,PMM,Long,6.46,6.44,300,(6.00),1.50,0.54,0.04,0.04,0.04,0.00,0.00,0.00,0.00,(8.16)
08/31/22 11:04:39,11:07:05,00:02:26,CHPT,Long,16.03,15.97,50,(2.75),0.25,0.19,0.02,0.01,0.03,0.00,0.00,0.00,0.00,(3.25)
08/31/22 11:58:20,14:09:15,02:10:55,SCHW-PD,Long,24.90,24.91,"1,500",20.89,7.50,7.06,0.86,0.23,0.20,0.00,0.00,0.00,0.00,5.04
08/31/22 15:50:10,16:00:12,00:10:02,SCHW-PD,Long,24.97,24.99,"2,896",57.92,14.48,17.63,1.66,0.35,0.20,0.00,0.00,0.00,0.00,23.60
08/31/22 15:50:30,16:00:23,00:09:53,NEE-PO,Short,61.38,61.45,"1,500",(109.25),7.50,9.32,2.11,0.27,0.18,0.00,0.00,0.00,0.00,(128.62)
08/31/22 15:52:43,15:56:14,00:03:31,MS-PP,Long,26.12,26.13,"1,700",16.00,8.50,5.97,1.02,0.21,0.15,0.00,0.00,0.00,0.00,0.15
08/31/22 15:56:52,16:00:36,00:03:44,F-PD,Long,24.54,24.55,"2,000",15.90,10.00,11.09,1.12,0.24,0.13,0.00,0.00,0.00,0.00,(6.69)
Equities,,,,,,,"15,259",(147.26),76.30,75.73,9.46,2.15,1.70,0.00,0.00,0.00,0.00,(312.60)
